INSERT INTO "Roles" ("id", "name", "alias", "description") VALUES
('f47c8902-775f-4e03-8974-eaedc00dfa97', 'Guest', 'Invitado', 'Usuario invitado con acceso mínimo'),
('f60fb7a5-673d-4f3e-af61-b800a79469a5', 'User', 'Usuario', 'Usuario regular con acceso limitado'),
('5296f982-f8b4-4e9a-9ed9-89672f2c3700', 'Admin', 'Administrador', 'Usuario administrador con acceso completo'),

INSERT INTO "Permissions" ("id", "name", "alias", "description", "type") VALUES
('039e767c-1f63-455b-b9d0-153303c737f5',  'ReadPermissions',           'Leer Permisos',              'Permite la lectura de permisos.', 'Read'),
('1c953335-95a2-4d2c-8067-16d863f58728',  'CreatePermissions',         'Crear Permisos',             'Permite la creación de permisos.', 'Create'),
('80309908-142c-461d-8e41-af612666d925',  'UpdatePermissions',         'Actualizar Permisos',        'Permite la actualización de permisos.', 'Update'),
('0e336b95-3c1a-4d43-a616-a3af8c760844',  'DeletePermissions',         'Eliminar Permisos',          'Permite la eliminación de permisos.', 'Delete'),
('123d4e89-105b-402a-a92c-63b1567d1604',  'AssignPermissionsToRole',   'Asignar Permisos a Rol',     'Permite asignar permisos a un rol.', 'Assign'),
('676479f1-321a-428d-953e-5f9f60447387',  'CheckPermissionsOnRole',    'Verificar Permisos en Rol',  'Permite verificar permisos en un rol.', 'Check'),
('4f3d24e1-209f-4318-87a3-5a02e52467d0',  'RevokePermissionsFromRole', 'Revocar Permisos de Rol',    'Permite revocar permisos de un rol.', 'Revoke'),
('4375b480-1a13-40f4-90e9-b5003b8e5c14',  'ReadRoles',                 'Leer Roles',                 'Permite la lectura de roles.', 'Read'),
('6a6e7c10-2f9a-4c8d-bf8e-64c8d7b3e0c1',  'CreateRoles',               'Crear Roles',                'Permite la creación de roles.', 'Create'),
('1109a97a-9f5e-4a7b-b89a-0e9f1a0b3e5c',  'UpdateRoles',               'Actualizar Roles',           'Permite la actualización de roles.', 'Update'),
('2e9f31d0-40e9-4a0b-9c8d-3b8e5c14d7b3',  'DeleteRoles',               'Eliminar Roles',             'Permite la eliminación de roles.', 'Delete'),
('7c10d29f-8a0b-4c8d-b3e0-64c8d7b3e0c1',  'AssignRolesToUser',         'Asignar Roles a Usuario',    'Permite asignar roles a un usuario.', 'Assign'),
('3f5d8e7c-1a2b-40e9-9c8d-0e9f1a0b3e5c',  'CheckRolesOnUser',          'Verificar Roles en Usuario', 'Permite verificar roles en un usuario.', 'Check'),
('5a0b4d2c-1f63-40e9-8067-3b8e5c14d7b3',  'RevokeRolesFromUser',       'Revocar Roles de Usuario',   'Permite revocar roles de un usuario.', 'Revoke'),
('8e7c1a2b-40e9-4c8d-9c8d-64c8d7b3e0c1',  'ReadUsers',                 'Leer Usuarios',              'Permite la lectura de usuarios.', 'Read'),
('9f1a0b3e-5c14-40e9-bf8e-0e9f1a0b3e5c',  'CreateUsers',               'Crear Usuarios',             'Permite la creación de usuarios.', 'Create'),
('a0b3e5c1-4d7b-40e9-b3e0-3b8e5c14d7b3',  'UpdateUsers',               'Actualizar Usuarios',        'Permite la actualización de usuarios.', 'Update'),
('b3e0c1f6-3455-40e9-8067-153303c737f5',  'DeleteUsers',               'Eliminar Usuarios',          'Permite la eliminación de usuarios.', 'Delete'),
('b6c3df60-1e9d-4ffc-bd45-6d7b0cf7f801', 'AccessDashboard', 'Acceso al Panel Principal', 'Permite acceder al panel principal.', 'Access'),
('8a1259bf-5649-45a7-8a72-865f38e81920', 'AccessAuthorization', 'Acceso a Autorizaciones', 'Permite acceder a la gestión de autorizaciones.', 'Access'),
('c33acfe7-b6f0-4c8f-980e-2f3f953e03a8', 'AccessUsers', 'Acceso a Usuarios', 'Permite acceder a la gestión de usuarios.', 'Access');

INSERT INTO "RolesPermissions" ("roleId", "permissionId") VALUES
('5296f982-f8b4-4e9a-9ed9-89672f2c3700', '039e767c-1f63-455b-b9d0-153303c737f5'),
('5296f982-f8b4-4e9a-9ed9-89672f2c3700', '1c953335-95a2-4d2c-8067-16d863f58728'),
('5296f982-f8b4-4e9a-9ed9-89672f2c3700', '80309908-142c-461d-8e41-af612666d925'),
('5296f982-f8b4-4e9a-9ed9-89672f2c3700', '0e336b95-3c1a-4d43-a616-a3af8c760844'),
('5296f982-f8b4-4e9a-9ed9-89672f2c3700', '123d4e89-105b-402a-a92c-63b1567d1604'),
('5296f982-f8b4-4e9a-9ed9-89672f2c3700', '676479f1-321a-428d-953e-5f9f60447387'),
('5296f982-f8b4-4e9a-9ed9-89672f2c3700', '4f3d24e1-209f-4318-87a3-5a02e52467d0'),
('5296f982-f8b4-4e9a-9ed9-89672f2c3700', '4375b480-1a13-40f4-90e9-b5003b8e5c14'),
('5296f982-f8b4-4e9a-9ed9-89672f2c3700', '6a6e7c10-2f9a-4c8d-bf8e-64c8d7b3e0c1'),
('5296f982-f8b4-4e9a-9ed9-89672f2c3700', '1109a97a-9f5e-4a7b-b89a-0e9f1a0b3e5c'),
('5296f982-f8b4-4e9a-9ed9-89672f2c3700', '2e9f31d0-40e9-4a0b-9c8d-3b8e5c14d7b3'),
('5296f982-f8b4-4e9a-9ed9-89672f2c3700', '7c10d29f-8a0b-4c8d-b3e0-64c8d7b3e0c1'),
('5296f982-f8b4-4e9a-9ed9-89672f2c3700', '3f5d8e7c-1a2b-40e9-9c8d-0e9f1a0b3e5c'),
('5296f982-f8b4-4e9a-9ed9-89672f2c3700', '5a0b4d2c-1f63-40e9-8067-3b8e5c14d7b3'),
('5296f982-f8b4-4e9a-9ed9-89672f2c3700', '8e7c1a2b-40e9-4c8d-9c8d-64c8d7b3e0c1'),
('5296f982-f8b4-4e9a-9ed9-89672f2c3700', '9f1a0b3e-5c14-40e9-bf8e-0e9f1a0b3e5c'),
('5296f982-f8b4-4e9a-9ed9-89672f2c3700', 'a0b3e5c1-4d7b-40e9-b3e0-3b8e5c14d7b3'),
('5296f982-f8b4-4e9a-9ed9-89672f2c3700', 'b3e0c1f6-3455-40e9-8067-153303c737f5'),
('5296f982-f8b4-4e9a-9ed9-89672f2c3700', 'b6c3df60-1e9d-4ffc-bd45-6d7b0cf7f801'),
('5296f982-f8b4-4e9a-9ed9-89672f2c3700', '8a1259bf-5649-45a7-8a72-865f38e81920'),
('5296f982-f8b4-4e9a-9ed9-89672f2c3700', 'c33acfe7-b6f0-4c8f-980e-2f3f953e03a8');