INSERT INTO "Roles" ("id", "name", "alias", "description") VALUES
('f47c8902-775f-4e03-8974-eaedc00dfa97', 'Guest', 'Invitado', 'Usuario invitado con acceso mínimo'),
('f60fb7a5-673d-4f3e-af61-b800a79469a5', 'User', 'Usuario', 'Usuario regular con acceso limitado'),
('5296f982-f8b4-4e9a-9ed9-89672f2c3700', 'Admin', 'Administrador', 'Usuario administrador con acceso completo');

INSERT INTO "Permissions" ("id", "name", "alias", "description", "type") VALUES
('039e767c-1f63-455b-b9d0-153303c737f5',  'ReadPermissions',           'Leer Permisos',              'Permite la lectura de permisos.', 'Read'),
('1c953335-95a2-4d2c-8067-16d863f58728',  'CreatePermissions',         'Crear Permisos',             'Permite la creación de permisos.', 'Create'),
('80309908-142c-461d-8e41-af612666d925',  'UpdatePermissions',         'Actualizar Permisos',        'Permite la actualización de permisos.', 'Update'),
('0e336b95-3c1a-4d43-a616-a3af8c760844',  'DeletePermissions',         'Eliminar Permisos',          'Permite la eliminación de permisos.', 'Delete'),
('123d4e89-105b-402a-a92c-63b1567d1604',  'AssignPermissionsToRole',   'Asignar Permisos a Rol',     'Permite asignar permisos a un rol.', 'Assign'),
('676479f1-321a-428d-953e-5f9f60447387',  'CheckPermissionsOnRole',    'Verificar Permisos en Rol',  'Permite verificar permisos en un rol.', 'Check'),
('4f3d24e1-209f-4318-87a3-5a02e52467d0',  'RevokePermissionsFromRole', 'Revocar Permisos de Rol',    'Permite revocar permisos de un rol.', 'Revoke'),
('4375b480-1a13-40f4-90e9-b5003b8e5c14',  'ReadRoles',                 'Leer Roles',                 'Permite la lectura de roles.', 'Read'),
('6a6e7c10-2f9a-4c8d-bf8e-64c8d7b3e0c1',  'CreateRoles',               'Crear Roles',                'Permite la creación de roles.', 'Create'),
('1109a97a-9f5e-4a7b-b89a-0e9f1a0b3e5c',  'UpdateRoles',               'Actualizar Roles',           'Permite la actualización de roles.', 'Update'),
('2e9f31d0-40e9-4a0b-9c8d-3b8e5c14d7b3',  'DeleteRoles',               'Eliminar Roles',             'Permite la eliminación de roles.', 'Delete'),
('7c10d29f-8a0b-4c8d-b3e0-64c8d7b3e0c1',  'AssignRolesToUser',         'Asignar Roles a Usuario',    'Permite asignar roles a un usuario.', 'Assign'),
('3f5d8e7c-1a2b-40e9-9c8d-0e9f1a0b3e5c',  'CheckRolesOnUser',          'Verificar Roles en Usuario', 'Permite verificar roles en un usuario.', 'Check'),
('5a0b4d2c-1f63-40e9-8067-3b8e5c14d7b3',  'RevokeRolesFromUser',       'Revocar Roles de Usuario',   'Permite revocar roles de un usuario.', 'Revoke'),
('8e7c1a2b-40e9-4c8d-9c8d-64c8d7b3e0c1',  'ReadUsers',                 'Leer Usuarios',              'Permite la lectura de usuarios.', 'Read'),
('9f1a0b3e-5c14-40e9-bf8e-0e9f1a0b3e5c',  'CreateUsers',               'Crear Usuarios',             'Permite la creación de usuarios.', 'Create'),
('a0b3e5c1-4d7b-40e9-b3e0-3b8e5c14d7b3',  'UpdateUsers',               'Actualizar Usuarios',        'Permite la actualización de usuarios.', 'Update'),
('b3e0c1f6-3455-40e9-8067-153303c737f5',  'DeleteUsers',               'Eliminar Usuarios',          'Permite la eliminación de usuarios.', 'Delete'),
('a7c9b8c2-5c6f-4c4a-9d2a-2f8d9c1a7e31',  'ReadEvents',           'Leer Eventos',              'Permite la lectura de eventos.', 'Read'),
('d3f1a6e4-8b2c-4f1e-9a77-6c0b3d2e5f90',  'CreateEvents',         'Crear Eventos',             'Permite la creación de eventos.', 'Create'),
('5e2a9c44-1d7f-4b6a-b3e1-9f8c2d7a6b55',  'UpdateEvents',         'Actualizar Eventos',        'Permite la actualización de eventos.', 'Update'),
('c8b4f2d1-3a9e-4e7b-8c6d-1a2f5e9b7c03',  'DeleteEvents',         'Eliminar Eventos',          'Permite la eliminación de eventos.', 'Delete'),
('b1f3a9c7-6d2e-4a5b-8c1f-3e7d9a2b4c10',  'ReadParkings',           'Leer Parkings',              'Permite la lectura de parkings.', 'Read'),
('9c7e2d4a-5b8f-4f1c-a3d6-7b2e1a9c6f33',  'CreateParkings',         'Crear Parkings',             'Permite la creación de parkings.', 'Create'),
('2d5b7c9e-1a3f-4e6c-b8a1-5f9d2c7b3e44',  'UpdateParkings',         'Actualizar Parkings',        'Permite la actualización de parkings.', 'Update'),
('7a4e1c2b-9d6f-4b3a-8c5e-2f1d7a9b6c88',  'DeleteParkings',         'Eliminar Parkings',          'Permite la eliminación de parkings.', 'Delete'),
('b6c3df60-1e9d-4ffc-bd45-6d7b0cf7f801', 'AccessDashboard', 'Acceso al Panel Principal', 'Permite acceder al panel principal.', 'Access'),
('8a1259bf-5649-45a7-8a72-865f38e81920', 'AccessAuthorization', 'Acceso a Autorizaciones', 'Permite acceder a la gestión de autorizaciones.', 'Access'),
('c33acfe7-b6f0-4c8f-980e-2f3f953e03a8', 'AccessUsers', 'Acceso a Usuarios', 'Permite acceder a la gestión de usuarios.', 'Access'),
('e6a88034-e65d-49f2-bbd2-e59f405c5073', 'AccessEvent', 'Acceso a Eventos', 'Permite acceder a la gestión de evenetos.', 'Access');


INSERT INTO "RolesPermissions" ("roleId", "permissionId") VALUES
('5296f982-f8b4-4e9a-9ed9-89672f2c3700', '039e767c-1f63-455b-b9d0-153303c737f5'),
('5296f982-f8b4-4e9a-9ed9-89672f2c3700', '1c953335-95a2-4d2c-8067-16d863f58728'),
('5296f982-f8b4-4e9a-9ed9-89672f2c3700', '80309908-142c-461d-8e41-af612666d925'),
('5296f982-f8b4-4e9a-9ed9-89672f2c3700', '0e336b95-3c1a-4d43-a616-a3af8c760844'),
('5296f982-f8b4-4e9a-9ed9-89672f2c3700', '123d4e89-105b-402a-a92c-63b1567d1604'),
('5296f982-f8b4-4e9a-9ed9-89672f2c3700', '676479f1-321a-428d-953e-5f9f60447387'),
('5296f982-f8b4-4e9a-9ed9-89672f2c3700', '4f3d24e1-209f-4318-87a3-5a02e52467d0'),
('5296f982-f8b4-4e9a-9ed9-89672f2c3700', '4375b480-1a13-40f4-90e9-b5003b8e5c14'),
('5296f982-f8b4-4e9a-9ed9-89672f2c3700', '6a6e7c10-2f9a-4c8d-bf8e-64c8d7b3e0c1'),
('5296f982-f8b4-4e9a-9ed9-89672f2c3700', '1109a97a-9f5e-4a7b-b89a-0e9f1a0b3e5c'),
('5296f982-f8b4-4e9a-9ed9-89672f2c3700', '2e9f31d0-40e9-4a0b-9c8d-3b8e5c14d7b3'),
('5296f982-f8b4-4e9a-9ed9-89672f2c3700', '7c10d29f-8a0b-4c8d-b3e0-64c8d7b3e0c1'),
('5296f982-f8b4-4e9a-9ed9-89672f2c3700', '3f5d8e7c-1a2b-40e9-9c8d-0e9f1a0b3e5c'),
('5296f982-f8b4-4e9a-9ed9-89672f2c3700', '5a0b4d2c-1f63-40e9-8067-3b8e5c14d7b3'),
('5296f982-f8b4-4e9a-9ed9-89672f2c3700', '8e7c1a2b-40e9-4c8d-9c8d-64c8d7b3e0c1'),
('5296f982-f8b4-4e9a-9ed9-89672f2c3700', '9f1a0b3e-5c14-40e9-bf8e-0e9f1a0b3e5c'),
('5296f982-f8b4-4e9a-9ed9-89672f2c3700', 'a0b3e5c1-4d7b-40e9-b3e0-3b8e5c14d7b3'),
('5296f982-f8b4-4e9a-9ed9-89672f2c3700', 'b3e0c1f6-3455-40e9-8067-153303c737f5'),
('5296f982-f8b4-4e9a-9ed9-89672f2c3700', 'b6c3df60-1e9d-4ffc-bd45-6d7b0cf7f801'),
('5296f982-f8b4-4e9a-9ed9-89672f2c3700', '8a1259bf-5649-45a7-8a72-865f38e81920'),
('5296f982-f8b4-4e9a-9ed9-89672f2c3700', 'c33acfe7-b6f0-4c8f-980e-2f3f953e03a8');